<?xml version="1.0" encoding="UTF-8"?>
<DEFECTS>
  <DEFECT>
    <SFA>
      <FILEPATH>C:\Users\Jan\Desktop\EVERYTHING\FiveM Cheat\kiero\minhook\src\</FILEPATH>
      <FILENAME>hook.c</FILENAME>
      <LINE>341</LINE>
      <COLUMN>29</COLUMN>
    </SFA>
    <DEFECTCODE>6001</DEFECTCODE>
    <DESCRIPTION>Nicht initialisierter Speicher "*hThread" wird verwendet.</DESCRIPTION>
    <FUNCTION>Unfreeze</FUNCTION>
    <DECORATED>Unfreeze</DECORATED>
    <FUNCLINE>331</FUNCLINE>
    <PROBABILITY>1</PROBABILITY>
    <RANK>3</RANK>
    <CATEGORY>
      <RULECATEGORY>mspft</RULECATEGORY>
    </CATEGORY>
    <PATH>
      <SFA>
        <FILEPATH>C:\Users\Jan\Desktop\EVERYTHING\FiveM Cheat\kiero\minhook\src\</FILEPATH>
        <FILENAME>hook.c</FILENAME>
        <LINE>333</LINE>
        <COLUMN>25</COLUMN>
      </SFA>
      <SFA>
        <FILEPATH>C:\Users\Jan\Desktop\EVERYTHING\FiveM Cheat\kiero\minhook\src\</FILEPATH>
        <FILENAME>hook.c</FILENAME>
        <LINE>335</LINE>
        <COLUMN>13</COLUMN>
      </SFA>
      <SFA>
        <FILEPATH>C:\Users\Jan\Desktop\EVERYTHING\FiveM Cheat\kiero\minhook\src\</FILEPATH>
        <FILENAME>hook.c</FILENAME>
        <LINE>336</LINE>
        <COLUMN>15</COLUMN>
      </SFA>
      <SFA>
        <FILEPATH>C:\Users\Jan\Desktop\EVERYTHING\FiveM Cheat\kiero\minhook\src\</FILEPATH>
        <FILENAME>hook.c</FILENAME>
        <LINE>336</LINE>
        <COLUMN>22</COLUMN>
      </SFA>
      <SFA>
        <FILEPATH>C:\Users\Jan\Desktop\EVERYTHING\FiveM Cheat\kiero\minhook\src\</FILEPATH>
        <FILENAME>hook.c</FILENAME>
        <LINE>338</LINE>
        <COLUMN>19</COLUMN>
      </SFA>
      <SFA>
        <FILEPATH>C:\Users\Jan\Desktop\EVERYTHING\FiveM Cheat\kiero\minhook\src\</FILEPATH>
        <FILENAME>hook.c</FILENAME>
        <LINE>339</LINE>
        <COLUMN>24</COLUMN>
      </SFA>
      <SFA>
        <FILEPATH>C:\Users\Jan\Desktop\EVERYTHING\FiveM Cheat\kiero\minhook\src\</FILEPATH>
        <FILENAME>hook.c</FILENAME>
        <LINE>341</LINE>
        <COLUMN>28</COLUMN>
      </SFA>
      <SFA>
        <FILEPATH>C:\Users\Jan\Desktop\EVERYTHING\FiveM Cheat\kiero\minhook\src\</FILEPATH>
        <FILENAME>hook.c</FILENAME>
        <LINE>342</LINE>
        <COLUMN>27</COLUMN>
      </SFA>
      <SFA>
        <FILEPATH>C:\Users\Jan\Desktop\EVERYTHING\FiveM Cheat\kiero\minhook\src\</FILEPATH>
        <FILENAME>hook.c</FILENAME>
        <LINE>336</LINE>
        <COLUMN>40</COLUMN>
      </SFA>
      <SFA>
        <FILEPATH>C:\Users\Jan\Desktop\EVERYTHING\FiveM Cheat\kiero\minhook\src\</FILEPATH>
        <FILENAME>hook.c</FILENAME>
        <LINE>336</LINE>
        <COLUMN>22</COLUMN>
      </SFA>
      <SFA>
        <FILEPATH>C:\Users\Jan\Desktop\EVERYTHING\FiveM Cheat\kiero\minhook\src\</FILEPATH>
        <FILENAME>hook.c</FILENAME>
        <LINE>338</LINE>
        <COLUMN>19</COLUMN>
      </SFA>
      <SFA>
        <FILEPATH>C:\Users\Jan\Desktop\EVERYTHING\FiveM Cheat\kiero\minhook\src\</FILEPATH>
        <FILENAME>hook.c</FILENAME>
        <LINE>339</LINE>
        <COLUMN>24</COLUMN>
      </SFA>
      <SFA>
        <FILEPATH>C:\Users\Jan\Desktop\EVERYTHING\FiveM Cheat\kiero\minhook\src\</FILEPATH>
        <FILENAME>hook.c</FILENAME>
        <LINE>341</LINE>
        <COLUMN>28</COLUMN>
      </SFA>
      <SFA>
        <FILEPATH>C:\Users\Jan\Desktop\EVERYTHING\FiveM Cheat\kiero\minhook\src\</FILEPATH>
        <FILENAME>hook.c</FILENAME>
        <LINE>342</LINE>
        <COLUMN>27</COLUMN>
        <KEYEVENT>
          <ID>1</ID>
          <KIND>declaration</KIND>
          <IMPORTANCE>Essential</IMPORTANCE>
          <MESSAGE>"*hThread" ist nicht initialisiert</MESSAGE>
        </KEYEVENT>
      </SFA>
      <SFA>
        <FILEPATH>C:\Users\Jan\Desktop\EVERYTHING\FiveM Cheat\kiero\minhook\src\</FILEPATH>
        <FILENAME>hook.c</FILENAME>
        <LINE>341</LINE>
        <COLUMN>29</COLUMN>
        <KEYEVENT>
          <ID>2</ID>
          <KIND>usage</KIND>
          <IMPORTANCE>Essential</IMPORTANCE>
          <MESSAGE>"*hThread" wird verwendet, wurde jedoch möglicherweise nicht initialisiert.</MESSAGE>
        </KEYEVENT>
      </SFA>
    </PATH>
  </DEFECT>
</DEFECTS>