<?xml version="1.0" encoding="UTF-8"?>
<DEFECTS>
  <DEFECT>
    <SFA>
      <FILEPATH>C:\Users\Jan\Desktop\EVERYTHING\FiveM Cheat\imgui\</FILEPATH>
      <FILENAME>imgui.h</FILENAME>
      <LINE>1702</LINE>
      <COLUMN>8</COLUMN>
    </SFA>
    <DEFECTCODE>26495</DEFECTCODE>
    <DESCRIPTION>Die Variable "ImGuiStorage::ImGuiStoragePair::&lt;unnamed-tag&gt;::val_p" ist nicht initialisiert. Eine Membervariable muss immer initialisiert werden (type.6).</DESCRIPTION>
    <FUNCTION>ImGuiStorage::ImGuiStoragePair::{ctor}</FUNCTION>
    <DECORATED>??0ImGuiStoragePair@ImGuiStorage@@QEAA@IH@Z</DECORATED>
    <FUNCLINE>1702</FUNCLINE>
    <ADDITIONALINFO>
      <targetSymbol>ImGuiStorage::ImGuiStoragePair::&lt;unnamed-tag&gt;::val_p</targetSymbol>
    </ADDITIONALINFO>
    <PATH></PATH>
  </DEFECT>
  <DEFECT>
    <SFA>
      <FILEPATH>C:\Users\Jan\Desktop\EVERYTHING\FiveM Cheat\imgui\</FILEPATH>
      <FILENAME>imgui.h</FILENAME>
      <LINE>1703</LINE>
      <COLUMN>8</COLUMN>
    </SFA>
    <DEFECTCODE>26495</DEFECTCODE>
    <DESCRIPTION>Die Variable "ImGuiStorage::ImGuiStoragePair::&lt;unnamed-tag&gt;::val_p" ist nicht initialisiert. Eine Membervariable muss immer initialisiert werden (type.6).</DESCRIPTION>
    <FUNCTION>ImGuiStorage::ImGuiStoragePair::{ctor}</FUNCTION>
    <DECORATED>??0ImGuiStoragePair@ImGuiStorage@@QEAA@IM@Z</DECORATED>
    <FUNCLINE>1703</FUNCLINE>
    <ADDITIONALINFO>
      <targetSymbol>ImGuiStorage::ImGuiStoragePair::&lt;unnamed-tag&gt;::val_p</targetSymbol>
    </ADDITIONALINFO>
    <PATH></PATH>
  </DEFECT>
  <DEFECT>
    <SFA>
      <FILEPATH>C:\Users\Jan\Desktop\EVERYTHING\FiveM Cheat\imgui\</FILEPATH>
      <FILENAME>imstb_truetype.h</FILENAME>
      <LINE>3906</LINE>
      <COLUMN>15</COLUMN>
    </SFA>
    <DEFECTCODE>6385</DEFECTCODE>
    <DESCRIPTION>Lesen ungültiger Daten von "buffer":  die lesbare Größe beträgt "_Old_3`kernel_width" Byte, es können jedoch "3" Byte gelesen werden.</DESCRIPTION>
    <FUNCTION>stbtt__h_prefilter</FUNCTION>
    <DECORATED>?stbtt__h_prefilter@@YAXPEAEHHHI@Z</DECORATED>
    <FUNCLINE>3852</FUNCLINE>
    <PROBABILITY>1</PROBABILITY>
    <RANK>4</RANK>
    <CATEGORY>
      <RULECATEGORY>mspft</RULECATEGORY>
    </CATEGORY>
    <PATH>
      <SFA>
        <FILEPATH>C:\Users\Jan\Desktop\EVERYTHING\FiveM Cheat\imgui\</FILEPATH>
        <FILENAME>imstb_truetype.h</FILENAME>
        <LINE>3854</LINE>
        <COLUMN>17</COLUMN>
        <KEYEVENT>
          <ID>1</ID>
          <KIND>declaration</KIND>
          <IMPORTANCE>Essential</IMPORTANCE>
          <MESSAGE>"buffer" ist ein Array mit 8 Byte.</MESSAGE>
        </KEYEVENT>
      </SFA>
      <SFA>
        <FILEPATH>C:\Users\Jan\Desktop\EVERYTHING\FiveM Cheat\imgui\</FILEPATH>
        <FILENAME>imstb_truetype.h</FILENAME>
        <LINE>3855</LINE>
        <COLUMN>7</COLUMN>
      </SFA>
      <SFA>
        <FILEPATH>C:\Users\Jan\Desktop\EVERYTHING\FiveM Cheat\imgui\</FILEPATH>
        <FILENAME>imstb_truetype.h</FILENAME>
        <LINE>3856</LINE>
        <COLUMN>7</COLUMN>
      </SFA>
      <SFA>
        <FILEPATH>C:\Users\Jan\Desktop\EVERYTHING\FiveM Cheat\imgui\</FILEPATH>
        <FILENAME>imstb_truetype.h</FILENAME>
        <LINE>3857</LINE>
        <COLUMN>15</COLUMN>
        <KEYEVENT>
          <ID>2</ID>
          <KIND>declaration</KIND>
          <IMPORTANCE>Full</IMPORTANCE>
          <MESSAGE>"buffer" ist eine Ausgabe von "memset" (in d:\vs\vc\tools\msvc\14.29.30133\include\vcruntime_string.h:63 deklariert)</MESSAGE>
        </KEYEVENT>
      </SFA>
      <SFA>
        <FILEPATH>C:\Users\Jan\Desktop\EVERYTHING\FiveM Cheat\imgui\</FILEPATH>
        <FILENAME>imstb_truetype.h</FILENAME>
        <LINE>3858</LINE>
        <COLUMN>9</COLUMN>
      </SFA>
      <SFA>
        <FILEPATH>C:\Users\Jan\Desktop\EVERYTHING\FiveM Cheat\imgui\</FILEPATH>
        <FILENAME>imstb_truetype.h</FILENAME>
        <LINE>3858</LINE>
        <COLUMN>15</COLUMN>
        <KEYEVENT>
          <ID>3</ID>
          <KIND>branch</KIND>
          <IMPORTANCE>Full</IMPORTANCE>
          <MESSAGE>In diese Schleife eintreten (Annahme: "j&lt;h")</MESSAGE>
        </KEYEVENT>
      </SFA>
      <SFA>
        <FILEPATH>C:\Users\Jan\Desktop\EVERYTHING\FiveM Cheat\imgui\</FILEPATH>
        <FILENAME>imstb_truetype.h</FILENAME>
        <LINE>3859</LINE>
        <COLUMN>10</COLUMN>
      </SFA>
      <SFA>
        <FILEPATH>C:\Users\Jan\Desktop\EVERYTHING\FiveM Cheat\imgui\</FILEPATH>
        <FILENAME>imstb_truetype.h</FILENAME>
        <LINE>3860</LINE>
        <COLUMN>19</COLUMN>
      </SFA>
      <SFA>
        <FILEPATH>C:\Users\Jan\Desktop\EVERYTHING\FiveM Cheat\imgui\</FILEPATH>
        <FILENAME>imstb_truetype.h</FILENAME>
        <LINE>3861</LINE>
        <COLUMN>18</COLUMN>
        <KEYEVENT>
          <ID>4</ID>
          <KIND>declaration</KIND>
          <IMPORTANCE>Full</IMPORTANCE>
          <MESSAGE>"buffer" ist eine Ausgabe von "memset" (in d:\vs\vc\tools\msvc\14.29.30133\include\vcruntime_string.h:63 deklariert)</MESSAGE>
        </KEYEVENT>
      </SFA>
      <SFA>
        <FILEPATH>C:\Users\Jan\Desktop\EVERYTHING\FiveM Cheat\imgui\</FILEPATH>
        <FILENAME>imstb_truetype.h</FILENAME>
        <LINE>3863</LINE>
        <COLUMN>12</COLUMN>
      </SFA>
      <SFA>
        <FILEPATH>C:\Users\Jan\Desktop\EVERYTHING\FiveM Cheat\imgui\</FILEPATH>
        <FILENAME>imstb_truetype.h</FILENAME>
        <LINE>3866</LINE>
        <COLUMN>14</COLUMN>
        <KEYEVENT>
          <ID>5</ID>
          <KIND>branch</KIND>
          <IMPORTANCE>Full</IMPORTANCE>
          <MESSAGE>Annahme, der Schalter ("kernel_width") wird zu case 2:  aufgelöst</MESSAGE>
        </KEYEVENT>
      </SFA>
      <SFA>
        <FILEPATH>C:\Users\Jan\Desktop\EVERYTHING\FiveM Cheat\imgui\</FILEPATH>
        <FILENAME>imstb_truetype.h</FILENAME>
        <LINE>3867</LINE>
        <COLUMN>9</COLUMN>
      </SFA>
      <SFA>
        <FILEPATH>C:\Users\Jan\Desktop\EVERYTHING\FiveM Cheat\imgui\</FILEPATH>
        <FILENAME>imstb_truetype.h</FILENAME>
        <LINE>3868</LINE>
        <COLUMN>18</COLUMN>
      </SFA>
      <SFA>
        <FILEPATH>C:\Users\Jan\Desktop\EVERYTHING\FiveM Cheat\imgui\</FILEPATH>
        <FILENAME>imstb_truetype.h</FILENAME>
        <LINE>3868</LINE>
        <COLUMN>24</COLUMN>
      </SFA>
      <SFA>
        <FILEPATH>C:\Users\Jan\Desktop\EVERYTHING\FiveM Cheat\imgui\</FILEPATH>
        <FILENAME>imstb_truetype.h</FILENAME>
        <LINE>3869</LINE>
        <COLUMN>21</COLUMN>
      </SFA>
      <SFA>
        <FILEPATH>C:\Users\Jan\Desktop\EVERYTHING\FiveM Cheat\imgui\</FILEPATH>
        <FILENAME>imstb_truetype.h</FILENAME>
        <LINE>3870</LINE>
        <COLUMN>59</COLUMN>
      </SFA>
      <SFA>
        <FILEPATH>C:\Users\Jan\Desktop\EVERYTHING\FiveM Cheat\imgui\</FILEPATH>
        <FILENAME>imstb_truetype.h</FILENAME>
        <LINE>3871</LINE>
        <COLUMN>25</COLUMN>
      </SFA>
      <SFA>
        <FILEPATH>C:\Users\Jan\Desktop\EVERYTHING\FiveM Cheat\imgui\</FILEPATH>
        <FILENAME>imstb_truetype.h</FILENAME>
        <LINE>3868</LINE>
        <COLUMN>35</COLUMN>
      </SFA>
      <SFA>
        <FILEPATH>C:\Users\Jan\Desktop\EVERYTHING\FiveM Cheat\imgui\</FILEPATH>
        <FILENAME>imstb_truetype.h</FILENAME>
        <LINE>3868</LINE>
        <COLUMN>24</COLUMN>
      </SFA>
      <SFA>
        <FILEPATH>C:\Users\Jan\Desktop\EVERYTHING\FiveM Cheat\imgui\</FILEPATH>
        <FILENAME>imstb_truetype.h</FILENAME>
        <LINE>3904</LINE>
        <COLUMN>15</COLUMN>
        <KEYEVENT>
          <ID>6</ID>
          <KIND>branch</KIND>
          <IMPORTANCE>Full</IMPORTANCE>
          <MESSAGE>In diese Schleife eintreten (Annahme: "i&lt;w")</MESSAGE>
        </KEYEVENT>
      </SFA>
      <SFA>
        <FILEPATH>C:\Users\Jan\Desktop\EVERYTHING\FiveM Cheat\imgui\</FILEPATH>
        <FILENAME>imstb_truetype.h</FILENAME>
        <LINE>3905</LINE>
        <COLUMN>9</COLUMN>
        <KEYEVENT>
          <ID>7</ID>
          <KIND>branch</KIND>
          <IMPORTANCE>Full</IMPORTANCE>
          <MESSAGE>In diese Schleife eintreten (Annahme: "!!((pixels[i]==0))")</MESSAGE>
        </KEYEVENT>
      </SFA>
      <SFA>
        <FILEPATH>C:\Users\Jan\Desktop\EVERYTHING\FiveM Cheat\imgui\</FILEPATH>
        <FILENAME>imstb_truetype.h</FILENAME>
        <LINE>3906</LINE>
        <COLUMN>15</COLUMN>
      </SFA>
      <SFA>
        <FILEPATH>C:\Users\Jan\Desktop\EVERYTHING\FiveM Cheat\imgui\</FILEPATH>
        <FILENAME>imstb_truetype.h</FILENAME>
        <LINE>3907</LINE>
        <COLUMN>19</COLUMN>
      </SFA>
      <SFA>
        <FILEPATH>C:\Users\Jan\Desktop\EVERYTHING\FiveM Cheat\imgui\</FILEPATH>
        <FILENAME>imstb_truetype.h</FILENAME>
        <LINE>3904</LINE>
        <COLUMN>20</COLUMN>
      </SFA>
      <SFA>
        <FILEPATH>C:\Users\Jan\Desktop\EVERYTHING\FiveM Cheat\imgui\</FILEPATH>
        <FILENAME>imstb_truetype.h</FILENAME>
        <LINE>3904</LINE>
        <COLUMN>15</COLUMN>
        <KEYEVENT>
          <ID>8</ID>
          <KIND>branch</KIND>
          <IMPORTANCE>Full</IMPORTANCE>
          <MESSAGE>Diese Schleife fortsetzen (Annahme: "i&lt;w")</MESSAGE>
        </KEYEVENT>
      </SFA>
      <SFA>
        <FILEPATH>C:\Users\Jan\Desktop\EVERYTHING\FiveM Cheat\imgui\</FILEPATH>
        <FILENAME>imstb_truetype.h</FILENAME>
        <LINE>3905</LINE>
        <COLUMN>9</COLUMN>
        <KEYEVENT>
          <ID>9</ID>
          <KIND>branch</KIND>
          <IMPORTANCE>Full</IMPORTANCE>
          <MESSAGE>Diese Schleife fortsetzen (Annahme: "!!((pixels[i]==0))")</MESSAGE>
        </KEYEVENT>
      </SFA>
      <SFA>
        <FILEPATH>C:\Users\Jan\Desktop\EVERYTHING\FiveM Cheat\imgui\</FILEPATH>
        <FILENAME>imstb_truetype.h</FILENAME>
        <LINE>3906</LINE>
        <COLUMN>15</COLUMN>
        <KEYEVENT>
          <ID>10</ID>
          <KIND>usage</KIND>
          <IMPORTANCE>Essential</IMPORTANCE>
          <MESSAGE>Ungültiger Lesevorgang von "buffer[2]" (der lesbare Bereich ist 0 bis 1)</MESSAGE>
        </KEYEVENT>
      </SFA>
    </PATH>
  </DEFECT>
  <DEFECT>
    <SFA>
      <FILEPATH>C:\Users\Jan\Desktop\EVERYTHING\FiveM Cheat\imgui\</FILEPATH>
      <FILENAME>imstb_truetype.h</FILENAME>
      <LINE>3968</LINE>
      <COLUMN>15</COLUMN>
    </SFA>
    <DEFECTCODE>6385</DEFECTCODE>
    <DESCRIPTION>Lesen ungültiger Daten von "buffer":  die lesbare Größe beträgt "_Old_3`kernel_width" Byte, es können jedoch "3" Byte gelesen werden.</DESCRIPTION>
    <FUNCTION>stbtt__v_prefilter</FUNCTION>
    <DECORATED>?stbtt__v_prefilter@@YAXPEAEHHHI@Z</DECORATED>
    <FUNCLINE>3914</FUNCLINE>
    <PROBABILITY>1</PROBABILITY>
    <RANK>4</RANK>
    <CATEGORY>
      <RULECATEGORY>mspft</RULECATEGORY>
    </CATEGORY>
    <PATH>
      <SFA>
        <FILEPATH>C:\Users\Jan\Desktop\EVERYTHING\FiveM Cheat\imgui\</FILEPATH>
        <FILENAME>imstb_truetype.h</FILENAME>
        <LINE>3916</LINE>
        <COLUMN>17</COLUMN>
        <KEYEVENT>
          <ID>1</ID>
          <KIND>declaration</KIND>
          <IMPORTANCE>Essential</IMPORTANCE>
          <MESSAGE>"buffer" ist ein Array mit 8 Byte.</MESSAGE>
        </KEYEVENT>
      </SFA>
      <SFA>
        <FILEPATH>C:\Users\Jan\Desktop\EVERYTHING\FiveM Cheat\imgui\</FILEPATH>
        <FILENAME>imstb_truetype.h</FILENAME>
        <LINE>3917</LINE>
        <COLUMN>7</COLUMN>
      </SFA>
      <SFA>
        <FILEPATH>C:\Users\Jan\Desktop\EVERYTHING\FiveM Cheat\imgui\</FILEPATH>
        <FILENAME>imstb_truetype.h</FILENAME>
        <LINE>3918</LINE>
        <COLUMN>7</COLUMN>
      </SFA>
      <SFA>
        <FILEPATH>C:\Users\Jan\Desktop\EVERYTHING\FiveM Cheat\imgui\</FILEPATH>
        <FILENAME>imstb_truetype.h</FILENAME>
        <LINE>3919</LINE>
        <COLUMN>15</COLUMN>
        <KEYEVENT>
          <ID>2</ID>
          <KIND>declaration</KIND>
          <IMPORTANCE>Full</IMPORTANCE>
          <MESSAGE>"buffer" ist eine Ausgabe von "memset" (in d:\vs\vc\tools\msvc\14.29.30133\include\vcruntime_string.h:63 deklariert)</MESSAGE>
        </KEYEVENT>
      </SFA>
      <SFA>
        <FILEPATH>C:\Users\Jan\Desktop\EVERYTHING\FiveM Cheat\imgui\</FILEPATH>
        <FILENAME>imstb_truetype.h</FILENAME>
        <LINE>3920</LINE>
        <COLUMN>9</COLUMN>
      </SFA>
      <SFA>
        <FILEPATH>C:\Users\Jan\Desktop\EVERYTHING\FiveM Cheat\imgui\</FILEPATH>
        <FILENAME>imstb_truetype.h</FILENAME>
        <LINE>3920</LINE>
        <COLUMN>15</COLUMN>
        <KEYEVENT>
          <ID>3</ID>
          <KIND>branch</KIND>
          <IMPORTANCE>Full</IMPORTANCE>
          <MESSAGE>In diese Schleife eintreten (Annahme: "j&lt;w")</MESSAGE>
        </KEYEVENT>
      </SFA>
      <SFA>
        <FILEPATH>C:\Users\Jan\Desktop\EVERYTHING\FiveM Cheat\imgui\</FILEPATH>
        <FILENAME>imstb_truetype.h</FILENAME>
        <LINE>3921</LINE>
        <COLUMN>10</COLUMN>
      </SFA>
      <SFA>
        <FILEPATH>C:\Users\Jan\Desktop\EVERYTHING\FiveM Cheat\imgui\</FILEPATH>
        <FILENAME>imstb_truetype.h</FILENAME>
        <LINE>3922</LINE>
        <COLUMN>19</COLUMN>
      </SFA>
      <SFA>
        <FILEPATH>C:\Users\Jan\Desktop\EVERYTHING\FiveM Cheat\imgui\</FILEPATH>
        <FILENAME>imstb_truetype.h</FILENAME>
        <LINE>3923</LINE>
        <COLUMN>18</COLUMN>
        <KEYEVENT>
          <ID>4</ID>
          <KIND>declaration</KIND>
          <IMPORTANCE>Full</IMPORTANCE>
          <MESSAGE>"buffer" ist eine Ausgabe von "memset" (in d:\vs\vc\tools\msvc\14.29.30133\include\vcruntime_string.h:63 deklariert)</MESSAGE>
        </KEYEVENT>
      </SFA>
      <SFA>
        <FILEPATH>C:\Users\Jan\Desktop\EVERYTHING\FiveM Cheat\imgui\</FILEPATH>
        <FILENAME>imstb_truetype.h</FILENAME>
        <LINE>3925</LINE>
        <COLUMN>12</COLUMN>
      </SFA>
      <SFA>
        <FILEPATH>C:\Users\Jan\Desktop\EVERYTHING\FiveM Cheat\imgui\</FILEPATH>
        <FILENAME>imstb_truetype.h</FILENAME>
        <LINE>3928</LINE>
        <COLUMN>14</COLUMN>
        <KEYEVENT>
          <ID>5</ID>
          <KIND>branch</KIND>
          <IMPORTANCE>Full</IMPORTANCE>
          <MESSAGE>Annahme, der Schalter ("kernel_width") wird zu case 2:  aufgelöst</MESSAGE>
        </KEYEVENT>
      </SFA>
      <SFA>
        <FILEPATH>C:\Users\Jan\Desktop\EVERYTHING\FiveM Cheat\imgui\</FILEPATH>
        <FILENAME>imstb_truetype.h</FILENAME>
        <LINE>3929</LINE>
        <COLUMN>9</COLUMN>
      </SFA>
      <SFA>
        <FILEPATH>C:\Users\Jan\Desktop\EVERYTHING\FiveM Cheat\imgui\</FILEPATH>
        <FILENAME>imstb_truetype.h</FILENAME>
        <LINE>3930</LINE>
        <COLUMN>18</COLUMN>
      </SFA>
      <SFA>
        <FILEPATH>C:\Users\Jan\Desktop\EVERYTHING\FiveM Cheat\imgui\</FILEPATH>
        <FILENAME>imstb_truetype.h</FILENAME>
        <LINE>3930</LINE>
        <COLUMN>24</COLUMN>
      </SFA>
      <SFA>
        <FILEPATH>C:\Users\Jan\Desktop\EVERYTHING\FiveM Cheat\imgui\</FILEPATH>
        <FILENAME>imstb_truetype.h</FILENAME>
        <LINE>3931</LINE>
        <COLUMN>21</COLUMN>
      </SFA>
      <SFA>
        <FILEPATH>C:\Users\Jan\Desktop\EVERYTHING\FiveM Cheat\imgui\</FILEPATH>
        <FILENAME>imstb_truetype.h</FILENAME>
        <LINE>3932</LINE>
        <COLUMN>59</COLUMN>
      </SFA>
      <SFA>
        <FILEPATH>C:\Users\Jan\Desktop\EVERYTHING\FiveM Cheat\imgui\</FILEPATH>
        <FILENAME>imstb_truetype.h</FILENAME>
        <LINE>3933</LINE>
        <COLUMN>41</COLUMN>
      </SFA>
      <SFA>
        <FILEPATH>C:\Users\Jan\Desktop\EVERYTHING\FiveM Cheat\imgui\</FILEPATH>
        <FILENAME>imstb_truetype.h</FILENAME>
        <LINE>3930</LINE>
        <COLUMN>35</COLUMN>
      </SFA>
      <SFA>
        <FILEPATH>C:\Users\Jan\Desktop\EVERYTHING\FiveM Cheat\imgui\</FILEPATH>
        <FILENAME>imstb_truetype.h</FILENAME>
        <LINE>3930</LINE>
        <COLUMN>24</COLUMN>
      </SFA>
      <SFA>
        <FILEPATH>C:\Users\Jan\Desktop\EVERYTHING\FiveM Cheat\imgui\</FILEPATH>
        <FILENAME>imstb_truetype.h</FILENAME>
        <LINE>3966</LINE>
        <COLUMN>15</COLUMN>
        <KEYEVENT>
          <ID>6</ID>
          <KIND>branch</KIND>
          <IMPORTANCE>Full</IMPORTANCE>
          <MESSAGE>In diese Schleife eintreten (Annahme: "i&lt;h")</MESSAGE>
        </KEYEVENT>
      </SFA>
      <SFA>
        <FILEPATH>C:\Users\Jan\Desktop\EVERYTHING\FiveM Cheat\imgui\</FILEPATH>
        <FILENAME>imstb_truetype.h</FILENAME>
        <LINE>3967</LINE>
        <COLUMN>9</COLUMN>
        <KEYEVENT>
          <ID>7</ID>
          <KIND>branch</KIND>
          <IMPORTANCE>Full</IMPORTANCE>
          <MESSAGE>In diese Schleife eintreten (Annahme: "&lt;Verzweigungsbedingung&gt;")</MESSAGE>
        </KEYEVENT>
      </SFA>
      <SFA>
        <FILEPATH>C:\Users\Jan\Desktop\EVERYTHING\FiveM Cheat\imgui\</FILEPATH>
        <FILENAME>imstb_truetype.h</FILENAME>
        <LINE>3968</LINE>
        <COLUMN>15</COLUMN>
      </SFA>
      <SFA>
        <FILEPATH>C:\Users\Jan\Desktop\EVERYTHING\FiveM Cheat\imgui\</FILEPATH>
        <FILENAME>imstb_truetype.h</FILENAME>
        <LINE>3969</LINE>
        <COLUMN>35</COLUMN>
      </SFA>
      <SFA>
        <FILEPATH>C:\Users\Jan\Desktop\EVERYTHING\FiveM Cheat\imgui\</FILEPATH>
        <FILENAME>imstb_truetype.h</FILENAME>
        <LINE>3966</LINE>
        <COLUMN>20</COLUMN>
      </SFA>
      <SFA>
        <FILEPATH>C:\Users\Jan\Desktop\EVERYTHING\FiveM Cheat\imgui\</FILEPATH>
        <FILENAME>imstb_truetype.h</FILENAME>
        <LINE>3966</LINE>
        <COLUMN>15</COLUMN>
        <KEYEVENT>
          <ID>8</ID>
          <KIND>branch</KIND>
          <IMPORTANCE>Full</IMPORTANCE>
          <MESSAGE>Diese Schleife fortsetzen (Annahme: "i&lt;h")</MESSAGE>
        </KEYEVENT>
      </SFA>
      <SFA>
        <FILEPATH>C:\Users\Jan\Desktop\EVERYTHING\FiveM Cheat\imgui\</FILEPATH>
        <FILENAME>imstb_truetype.h</FILENAME>
        <LINE>3967</LINE>
        <COLUMN>9</COLUMN>
        <KEYEVENT>
          <ID>9</ID>
          <KIND>branch</KIND>
          <IMPORTANCE>Full</IMPORTANCE>
          <MESSAGE>Diese Schleife fortsetzen (Annahme: "&lt;Verzweigungsbedingung&gt;")</MESSAGE>
        </KEYEVENT>
      </SFA>
      <SFA>
        <FILEPATH>C:\Users\Jan\Desktop\EVERYTHING\FiveM Cheat\imgui\</FILEPATH>
        <FILENAME>imstb_truetype.h</FILENAME>
        <LINE>3968</LINE>
        <COLUMN>15</COLUMN>
        <KEYEVENT>
          <ID>10</ID>
          <KIND>usage</KIND>
          <IMPORTANCE>Essential</IMPORTANCE>
          <MESSAGE>Ungültiger Lesevorgang von "buffer[2]" (der lesbare Bereich ist 0 bis 1)</MESSAGE>
        </KEYEVENT>
      </SFA>
    </PATH>
  </DEFECT>
  <DEFECT>
    <SFA>
      <FILEPATH>C:\Users\Jan\Desktop\EVERYTHING\FiveM Cheat\imgui\</FILEPATH>
      <FILENAME>imgui_draw.cpp</FILENAME>
      <LINE>625</LINE>
      <COLUMN>46</COLUMN>
    </SFA>
    <DEFECTCODE>6255</DEFECTCODE>
    <DESCRIPTION>_alloca kennzeichnet Fehler durch Auslösen einer Stapelüberlaufausnahme. Verwenden Sie stattdessen _malloca.</DESCRIPTION>
    <FUNCTION>ImDrawList::AddPolyline</FUNCTION>
    <DECORATED>?AddPolyline@ImDrawList@@QEAAXPEBUImVec2@@HI_NM@Z</DECORATED>
    <FUNCLINE>602</FUNCLINE>
    <PATH></PATH>
  </DEFECT>
  <DEFECT>
    <SFA>
      <FILEPATH>C:\Users\Jan\Desktop\EVERYTHING\FiveM Cheat\imgui\</FILEPATH>
      <FILENAME>imgui_draw.cpp</FILENAME>
      <LINE>816</LINE>
      <COLUMN>46</COLUMN>
    </SFA>
    <DEFECTCODE>6255</DEFECTCODE>
    <DESCRIPTION>_alloca kennzeichnet Fehler durch Auslösen einer Stapelüberlaufausnahme. Verwenden Sie stattdessen _malloca.</DESCRIPTION>
    <FUNCTION>ImDrawList::AddConvexPolyFilled</FUNCTION>
    <DECORATED>?AddConvexPolyFilled@ImDrawList@@QEAAXPEBUImVec2@@HI@Z</DECORATED>
    <FUNCLINE>790</FUNCLINE>
    <PATH></PATH>
  </DEFECT>
</DEFECTS>