<?xml version="1.0" encoding="UTF-8"?>
<DEFECTS>
  <DEFECT>
    <SFA>
      <FILEPATH>C:\Users\Jan\Desktop\EVERYTHING\FiveM Cheat\imgui\</FILEPATH>
      <FILENAME>imgui.h</FILENAME>
      <LINE>1702</LINE>
      <COLUMN>8</COLUMN>
    </SFA>
    <DEFECTCODE>26495</DEFECTCODE>
    <DESCRIPTION>Die Variable "ImGuiStorage::ImGuiStoragePair::&lt;unnamed-tag&gt;::val_p" ist nicht initialisiert. Eine Membervariable muss immer initialisiert werden (type.6).</DESCRIPTION>
    <FUNCTION>ImGuiStorage::ImGuiStoragePair::{ctor}</FUNCTION>
    <DECORATED>??0ImGuiStoragePair@ImGuiStorage@@QEAA@IH@Z</DECORATED>
    <FUNCLINE>1702</FUNCLINE>
    <ADDITIONALINFO>
      <targetSymbol>ImGuiStorage::ImGuiStoragePair::&lt;unnamed-tag&gt;::val_p</targetSymbol>
    </ADDITIONALINFO>
    <PATH></PATH>
  </DEFECT>
  <DEFECT>
    <SFA>
      <FILEPATH>C:\Users\Jan\Desktop\EVERYTHING\FiveM Cheat\imgui\</FILEPATH>
      <FILENAME>imgui.h</FILENAME>
      <LINE>1703</LINE>
      <COLUMN>8</COLUMN>
    </SFA>
    <DEFECTCODE>26495</DEFECTCODE>
    <DESCRIPTION>Die Variable "ImGuiStorage::ImGuiStoragePair::&lt;unnamed-tag&gt;::val_p" ist nicht initialisiert. Eine Membervariable muss immer initialisiert werden (type.6).</DESCRIPTION>
    <FUNCTION>ImGuiStorage::ImGuiStoragePair::{ctor}</FUNCTION>
    <DECORATED>??0ImGuiStoragePair@ImGuiStorage@@QEAA@IM@Z</DECORATED>
    <FUNCLINE>1703</FUNCLINE>
    <ADDITIONALINFO>
      <targetSymbol>ImGuiStorage::ImGuiStoragePair::&lt;unnamed-tag&gt;::val_p</targetSymbol>
    </ADDITIONALINFO>
    <PATH></PATH>
  </DEFECT>
</DEFECTS>