<?xml version="1.0" encoding="UTF-8"?>
<DEFECTS>
  <DEFECT>
    <SFA>
      <FILEPATH>C:\Users\Jan\Desktop\EVERYTHING\FiveM Cheat\imgui\</FILEPATH>
      <FILENAME>imgui.h</FILENAME>
      <LINE>1702</LINE>
      <COLUMN>8</COLUMN>
    </SFA>
    <DEFECTCODE>26495</DEFECTCODE>
    <DESCRIPTION>Die Variable "ImGuiStorage::ImGuiStoragePair::&lt;unnamed-tag&gt;::val_p" ist nicht initialisiert. Eine Membervariable muss immer initialisiert werden (type.6).</DESCRIPTION>
    <FUNCTION>ImGuiStorage::ImGuiStoragePair::{ctor}</FUNCTION>
    <DECORATED>??0ImGuiStoragePair@ImGuiStorage@@QEAA@IH@Z</DECORATED>
    <FUNCLINE>1702</FUNCLINE>
    <ADDITIONALINFO>
      <targetSymbol>ImGuiStorage::ImGuiStoragePair::&lt;unnamed-tag&gt;::val_p</targetSymbol>
    </ADDITIONALINFO>
    <PATH></PATH>
  </DEFECT>
  <DEFECT>
    <SFA>
      <FILEPATH>C:\Users\Jan\Desktop\EVERYTHING\FiveM Cheat\imgui\</FILEPATH>
      <FILENAME>imgui.h</FILENAME>
      <LINE>1703</LINE>
      <COLUMN>8</COLUMN>
    </SFA>
    <DEFECTCODE>26495</DEFECTCODE>
    <DESCRIPTION>Die Variable "ImGuiStorage::ImGuiStoragePair::&lt;unnamed-tag&gt;::val_p" ist nicht initialisiert. Eine Membervariable muss immer initialisiert werden (type.6).</DESCRIPTION>
    <FUNCTION>ImGuiStorage::ImGuiStoragePair::{ctor}</FUNCTION>
    <DECORATED>??0ImGuiStoragePair@ImGuiStorage@@QEAA@IM@Z</DECORATED>
    <FUNCLINE>1703</FUNCLINE>
    <ADDITIONALINFO>
      <targetSymbol>ImGuiStorage::ImGuiStoragePair::&lt;unnamed-tag&gt;::val_p</targetSymbol>
    </ADDITIONALINFO>
    <PATH></PATH>
  </DEFECT>
  <DEFECT>
    <SFA>
      <FILEPATH>C:\Users\Jan\Desktop\EVERYTHING\FiveM Cheat\imgui\</FILEPATH>
      <FILENAME>imgui_widgets.cpp</FILENAME>
      <LINE>2277</LINE>
      <COLUMN>14</COLUMN>
    </SFA>
    <DEFECTCODE>6031</DEFECTCODE>
    <DESCRIPTION>Rückgabewert wird ignoriert: "sscanf".</DESCRIPTION>
    <FUNCTION>ImGui::DataTypeApplyOpFromText</FUNCTION>
    <DECORATED>?DataTypeApplyOpFromText@ImGui@@YA_NPEBD0HPEAX0@Z</DECORATED>
    <FUNCLINE>2198</FUNCLINE>
    <PATH></PATH>
  </DEFECT>
  <DEFECT>
    <SFA>
      <FILEPATH>C:\Users\Jan\Desktop\EVERYTHING\FiveM Cheat\imgui\</FILEPATH>
      <FILENAME>imgui_widgets.cpp</FILENAME>
      <LINE>2283</LINE>
      <COLUMN>14</COLUMN>
    </SFA>
    <DEFECTCODE>6031</DEFECTCODE>
    <DESCRIPTION>Rückgabewert wird ignoriert: "sscanf".</DESCRIPTION>
    <FUNCTION>ImGui::DataTypeApplyOpFromText</FUNCTION>
    <DECORATED>?DataTypeApplyOpFromText@ImGui@@YA_NPEBD0HPEAX0@Z</DECORATED>
    <FUNCLINE>2198</FUNCLINE>
    <PATH></PATH>
  </DEFECT>
  <DEFECT>
    <SFA>
      <FILEPATH>C:\Users\Jan\Desktop\EVERYTHING\FiveM Cheat\imgui\</FILEPATH>
      <FILENAME>imgui_widgets.cpp</FILENAME>
      <LINE>4896</LINE>
      <COLUMN>22</COLUMN>
    </SFA>
    <DEFECTCODE>6031</DEFECTCODE>
    <DESCRIPTION>Rückgabewert wird ignoriert: "sscanf".</DESCRIPTION>
    <FUNCTION>ImGui::ColorEdit4</FUNCTION>
    <DECORATED>?ColorEdit4@ImGui@@YA_NPEBDQEAMH@Z</DECORATED>
    <FUNCLINE>4772</FUNCLINE>
    <PATH></PATH>
  </DEFECT>
  <DEFECT>
    <SFA>
      <FILEPATH>C:\Users\Jan\Desktop\EVERYTHING\FiveM Cheat\imgui\</FILEPATH>
      <FILENAME>imgui_widgets.cpp</FILENAME>
      <LINE>4898</LINE>
      <COLUMN>22</COLUMN>
    </SFA>
    <DEFECTCODE>6031</DEFECTCODE>
    <DESCRIPTION>Rückgabewert wird ignoriert: "sscanf".</DESCRIPTION>
    <FUNCTION>ImGui::ColorEdit4</FUNCTION>
    <DECORATED>?ColorEdit4@ImGui@@YA_NPEBDQEAMH@Z</DECORATED>
    <FUNCLINE>4772</FUNCLINE>
    <PATH></PATH>
  </DEFECT>
  <DEFECT>
    <SFA>
      <FILEPATH>C:\Users\Jan\Desktop\EVERYTHING\FiveM Cheat\imgui\</FILEPATH>
      <FILENAME>imgui_widgets.cpp</FILENAME>
      <LINE>6674</LINE>
      <COLUMN>4</COLUMN>
    </SFA>
    <DEFECTCODE>6011</DEFECTCODE>
    <DESCRIPTION>Dereferenzierender NULL-Zeiger "window". In Zeile 6649 finden Sie einen früheren Ort, an dem dies vorkommen kann.</DESCRIPTION>
    <FUNCTION>ImGui::EndMenuBar</FUNCTION>
    <DECORATED>?EndMenuBar@ImGui@@YAXXZ</DECORATED>
    <FUNCLINE>6646</FUNCLINE>
    <PROBABILITY>1</PROBABILITY>
    <RANK>4</RANK>
    <CATEGORY>
      <RULECATEGORY>mspft</RULECATEGORY>
    </CATEGORY>
    <PATH>
      <SFA>
        <FILEPATH>C:\Users\Jan\Desktop\EVERYTHING\FiveM Cheat\imgui\</FILEPATH>
        <FILENAME>imgui_widgets.cpp</FILENAME>
        <LINE>6648</LINE>
        <COLUMN>17</COLUMN>
      </SFA>
      <SFA>
        <FILEPATH>C:\Users\Jan\Desktop\EVERYTHING\FiveM Cheat\imgui\</FILEPATH>
        <FILENAME>imgui_widgets.cpp</FILENAME>
        <LINE>6649</LINE>
        <COLUMN>14</COLUMN>
      </SFA>
      <SFA>
        <FILEPATH>C:\Users\Jan\Desktop\EVERYTHING\FiveM Cheat\imgui\</FILEPATH>
        <FILENAME>imgui_widgets.cpp</FILENAME>
        <LINE>6651</LINE>
        <COLUMN>18</COLUMN>
      </SFA>
      <SFA>
        <FILEPATH>C:\Users\Jan\Desktop\EVERYTHING\FiveM Cheat\imgui\</FILEPATH>
        <FILENAME>imgui_widgets.cpp</FILENAME>
        <LINE>6654</LINE>
        <COLUMN>108</COLUMN>
      </SFA>
      <SFA>
        <FILEPATH>C:\Users\Jan\Desktop\EVERYTHING\FiveM Cheat\imgui\</FILEPATH>
        <FILENAME>imgui_widgets.cpp</FILENAME>
        <LINE>6656</LINE>
        <COLUMN>21</COLUMN>
      </SFA>
      <SFA>
        <FILEPATH>C:\Users\Jan\Desktop\EVERYTHING\FiveM Cheat\imgui\</FILEPATH>
        <FILENAME>imgui_widgets.cpp</FILENAME>
        <LINE>6657</LINE>
        <COLUMN>48</COLUMN>
      </SFA>
      <SFA>
        <FILEPATH>C:\Users\Jan\Desktop\EVERYTHING\FiveM Cheat\imgui\</FILEPATH>
        <FILENAME>imgui_widgets.cpp</FILENAME>
        <LINE>6659</LINE>
        <COLUMN>128</COLUMN>
        <KEYEVENT>
          <ID>1</ID>
          <KIND>branch</KIND>
          <IMPORTANCE>Full</IMPORTANCE>
          <MESSAGE>"window" kann NULL sein. (Diese Verzweigung überspringen)</MESSAGE>
        </KEYEVENT>
      </SFA>
      <SFA>
        <FILEPATH>C:\Users\Jan\Desktop\EVERYTHING\FiveM Cheat\imgui\</FILEPATH>
        <FILENAME>imgui_widgets.cpp</FILENAME>
        <LINE>6674</LINE>
        <COLUMN>4</COLUMN>
        <KEYEVENT>
          <ID>2</ID>
          <KIND>branch</KIND>
          <IMPORTANCE>Full</IMPORTANCE>
          <MESSAGE>Diese Schleife überspringen (Annahme: "&lt;Verzweigungsbedingung&gt;" ist false)</MESSAGE>
        </KEYEVENT>
      </SFA>
      <SFA>
        <FILEPATH>C:\Users\Jan\Desktop\EVERYTHING\FiveM Cheat\imgui\</FILEPATH>
        <FILENAME>imgui_widgets.cpp</FILENAME>
        <LINE>6674</LINE>
        <COLUMN>4</COLUMN>
        <KEYEVENT>
          <ID>3</ID>
          <KIND>usage</KIND>
          <IMPORTANCE>Essential</IMPORTANCE>
          <MESSAGE>"window" wird dereferenziert, kann jedoch weiterhin NULL sein.</MESSAGE>
        </KEYEVENT>
      </SFA>
    </PATH>
  </DEFECT>
</DEFECTS>