<?xml version="1.0" encoding="UTF-8"?>
<DEFECTS>
  <DEFECT>
    <SFA>
      <FILEPATH>C:\Users\Jan\Desktop\EVERYTHING\FiveM Cheat\imgui\</FILEPATH>
      <FILENAME>imgui.h</FILENAME>
      <LINE>1702</LINE>
      <COLUMN>8</COLUMN>
    </SFA>
    <DEFECTCODE>26495</DEFECTCODE>
    <DESCRIPTION>Die Variable "ImGuiStorage::ImGuiStoragePair::&lt;unnamed-tag&gt;::val_p" ist nicht initialisiert. Eine Membervariable muss immer initialisiert werden (type.6).</DESCRIPTION>
    <FUNCTION>ImGuiStorage::ImGuiStoragePair::{ctor}</FUNCTION>
    <DECORATED>??0ImGuiStoragePair@ImGuiStorage@@QEAA@IH@Z</DECORATED>
    <FUNCLINE>1702</FUNCLINE>
    <ADDITIONALINFO>
      <targetSymbol>ImGuiStorage::ImGuiStoragePair::&lt;unnamed-tag&gt;::val_p</targetSymbol>
    </ADDITIONALINFO>
    <PATH></PATH>
  </DEFECT>
  <DEFECT>
    <SFA>
      <FILEPATH>C:\Users\Jan\Desktop\EVERYTHING\FiveM Cheat\imgui\</FILEPATH>
      <FILENAME>imgui.h</FILENAME>
      <LINE>1703</LINE>
      <COLUMN>8</COLUMN>
    </SFA>
    <DEFECTCODE>26495</DEFECTCODE>
    <DESCRIPTION>Die Variable "ImGuiStorage::ImGuiStoragePair::&lt;unnamed-tag&gt;::val_p" ist nicht initialisiert. Eine Membervariable muss immer initialisiert werden (type.6).</DESCRIPTION>
    <FUNCTION>ImGuiStorage::ImGuiStoragePair::{ctor}</FUNCTION>
    <DECORATED>??0ImGuiStoragePair@ImGuiStorage@@QEAA@IM@Z</DECORATED>
    <FUNCLINE>1703</FUNCLINE>
    <ADDITIONALINFO>
      <targetSymbol>ImGuiStorage::ImGuiStoragePair::&lt;unnamed-tag&gt;::val_p</targetSymbol>
    </ADDITIONALINFO>
    <PATH></PATH>
  </DEFECT>
  <DEFECT>
    <SFA>
      <FILEPATH>C:\Users\Jan\Desktop\EVERYTHING\FiveM Cheat\imgui\</FILEPATH>
      <FILENAME>imgui_demo.cpp</FILENAME>
      <LINE>3422</LINE>
      <COLUMN>48</COLUMN>
    </SFA>
    <DEFECTCODE>6011</DEFECTCODE>
    <DESCRIPTION>Dereferenzierender NULL-Zeiger "font-&gt;ConfigData". </DESCRIPTION>
    <FUNCTION>ImGui::ShowStyleEditor</FUNCTION>
    <DECORATED>?ShowStyleEditor@ImGui@@YAXPEAUImGuiStyle@@@Z</DECORATED>
    <FUNCLINE>3258</FUNCLINE>
    <PROBABILITY>1</PROBABILITY>
    <RANK>4</RANK>
    <CATEGORY>
      <RULECATEGORY>mspft</RULECATEGORY>
    </CATEGORY>
    <PATH>
      <SFA>
        <FILEPATH>C:\Users\Jan\Desktop\EVERYTHING\FiveM Cheat\imgui\</FILEPATH>
        <FILENAME>imgui_demo.cpp</FILENAME>
        <LINE>3261</LINE>
        <COLUMN>16</COLUMN>
      </SFA>
      <SFA>
        <FILEPATH>C:\Users\Jan\Desktop\EVERYTHING\FiveM Cheat\imgui\</FILEPATH>
        <FILENAME>imgui_demo.cpp</FILENAME>
        <LINE>3262</LINE>
        <COLUMN>22</COLUMN>
      </SFA>
      <SFA>
        <FILEPATH>C:\Users\Jan\Desktop\EVERYTHING\FiveM Cheat\imgui\</FILEPATH>
        <FILENAME>imgui_demo.cpp</FILENAME>
        <LINE>3265</LINE>
        <COLUMN>16</COLUMN>
      </SFA>
      <SFA>
        <FILEPATH>C:\Users\Jan\Desktop\EVERYTHING\FiveM Cheat\imgui\</FILEPATH>
        <FILENAME>imgui_demo.cpp</FILENAME>
        <LINE>3266</LINE>
        <COLUMN>13</COLUMN>
      </SFA>
      <SFA>
        <FILEPATH>C:\Users\Jan\Desktop\EVERYTHING\FiveM Cheat\imgui\</FILEPATH>
        <FILENAME>imgui_demo.cpp</FILENAME>
        <LINE>3268</LINE>
        <COLUMN>9</COLUMN>
      </SFA>
      <SFA>
        <FILEPATH>C:\Users\Jan\Desktop\EVERYTHING\FiveM Cheat\imgui\</FILEPATH>
        <FILENAME>imgui_demo.cpp</FILENAME>
        <LINE>3269</LINE>
        <COLUMN>12</COLUMN>
      </SFA>
      <SFA>
        <FILEPATH>C:\Users\Jan\Desktop\EVERYTHING\FiveM Cheat\imgui\</FILEPATH>
        <FILENAME>imgui_demo.cpp</FILENAME>
        <LINE>3272</LINE>
        <COLUMN>24</COLUMN>
      </SFA>
      <SFA>
        <FILEPATH>C:\Users\Jan\Desktop\EVERYTHING\FiveM Cheat\imgui\</FILEPATH>
        <FILENAME>imgui_demo.cpp</FILENAME>
        <LINE>3274</LINE>
        <COLUMN>32</COLUMN>
      </SFA>
      <SFA>
        <FILEPATH>C:\Users\Jan\Desktop\EVERYTHING\FiveM Cheat\imgui\</FILEPATH>
        <FILENAME>imgui_demo.cpp</FILENAME>
        <LINE>3276</LINE>
        <COLUMN>27</COLUMN>
      </SFA>
      <SFA>
        <FILEPATH>C:\Users\Jan\Desktop\EVERYTHING\FiveM Cheat\imgui\</FILEPATH>
        <FILENAME>imgui_demo.cpp</FILENAME>
        <LINE>3279</LINE>
        <COLUMN>26</COLUMN>
      </SFA>
      <SFA>
        <FILEPATH>C:\Users\Jan\Desktop\EVERYTHING\FiveM Cheat\imgui\</FILEPATH>
        <FILENAME>imgui_demo.cpp</FILENAME>
        <LINE>3281</LINE>
        <COLUMN>11</COLUMN>
      </SFA>
      <SFA>
        <FILEPATH>C:\Users\Jan\Desktop\EVERYTHING\FiveM Cheat\imgui\</FILEPATH>
        <FILENAME>imgui_demo.cpp</FILENAME>
        <LINE>3281</LINE>
        <COLUMN>79</COLUMN>
      </SFA>
      <SFA>
        <FILEPATH>C:\Users\Jan\Desktop\EVERYTHING\FiveM Cheat\imgui\</FILEPATH>
        <FILENAME>imgui_demo.cpp</FILENAME>
        <LINE>3282</LINE>
        <COLUMN>19</COLUMN>
      </SFA>
      <SFA>
        <FILEPATH>C:\Users\Jan\Desktop\EVERYTHING\FiveM Cheat\imgui\</FILEPATH>
        <FILENAME>imgui_demo.cpp</FILENAME>
        <LINE>3283</LINE>
        <COLUMN>11</COLUMN>
      </SFA>
      <SFA>
        <FILEPATH>C:\Users\Jan\Desktop\EVERYTHING\FiveM Cheat\imgui\</FILEPATH>
        <FILENAME>imgui_demo.cpp</FILENAME>
        <LINE>3283</LINE>
        <COLUMN>77</COLUMN>
      </SFA>
      <SFA>
        <FILEPATH>C:\Users\Jan\Desktop\EVERYTHING\FiveM Cheat\imgui\</FILEPATH>
        <FILENAME>imgui_demo.cpp</FILENAME>
        <LINE>3284</LINE>
        <COLUMN>19</COLUMN>
      </SFA>
      <SFA>
        <FILEPATH>C:\Users\Jan\Desktop\EVERYTHING\FiveM Cheat\imgui\</FILEPATH>
        <FILENAME>imgui_demo.cpp</FILENAME>
        <LINE>3285</LINE>
        <COLUMN>11</COLUMN>
      </SFA>
      <SFA>
        <FILEPATH>C:\Users\Jan\Desktop\EVERYTHING\FiveM Cheat\imgui\</FILEPATH>
        <FILENAME>imgui_demo.cpp</FILENAME>
        <LINE>3285</LINE>
        <COLUMN>77</COLUMN>
      </SFA>
      <SFA>
        <FILEPATH>C:\Users\Jan\Desktop\EVERYTHING\FiveM Cheat\imgui\</FILEPATH>
        <FILENAME>imgui_demo.cpp</FILENAME>
        <LINE>3288</LINE>
        <COLUMN>21</COLUMN>
      </SFA>
      <SFA>
        <FILEPATH>C:\Users\Jan\Desktop\EVERYTHING\FiveM Cheat\imgui\</FILEPATH>
        <FILENAME>imgui_demo.cpp</FILENAME>
        <LINE>3290</LINE>
        <COLUMN>19</COLUMN>
      </SFA>
      <SFA>
        <FILEPATH>C:\Users\Jan\Desktop\EVERYTHING\FiveM Cheat\imgui\</FILEPATH>
        <FILENAME>imgui_demo.cpp</FILENAME>
        <LINE>3291</LINE>
        <COLUMN>21</COLUMN>
      </SFA>
      <SFA>
        <FILEPATH>C:\Users\Jan\Desktop\EVERYTHING\FiveM Cheat\imgui\</FILEPATH>
        <FILENAME>imgui_demo.cpp</FILENAME>
        <LINE>3293</LINE>
        <COLUMN>19</COLUMN>
      </SFA>
      <SFA>
        <FILEPATH>C:\Users\Jan\Desktop\EVERYTHING\FiveM Cheat\imgui\</FILEPATH>
        <FILENAME>imgui_demo.cpp</FILENAME>
        <LINE>3294</LINE>
        <COLUMN>14</COLUMN>
      </SFA>
      <SFA>
        <FILEPATH>C:\Users\Jan\Desktop\EVERYTHING\FiveM Cheat\imgui\</FILEPATH>
        <FILENAME>imgui_demo.cpp</FILENAME>
        <LINE>3296</LINE>
        <COLUMN>20</COLUMN>
      </SFA>
      <SFA>
        <FILEPATH>C:\Users\Jan\Desktop\EVERYTHING\FiveM Cheat\imgui\</FILEPATH>
        <FILENAME>imgui_demo.cpp</FILENAME>
        <LINE>3298</LINE>
        <COLUMN>26</COLUMN>
      </SFA>
      <SFA>
        <FILEPATH>C:\Users\Jan\Desktop\EVERYTHING\FiveM Cheat\imgui\</FILEPATH>
        <FILENAME>imgui_demo.cpp</FILENAME>
        <LINE>3300</LINE>
        <COLUMN>31</COLUMN>
      </SFA>
      <SFA>
        <FILEPATH>C:\Users\Jan\Desktop\EVERYTHING\FiveM Cheat\imgui\</FILEPATH>
        <FILENAME>imgui_demo.cpp</FILENAME>
        <LINE>3338</LINE>
        <COLUMN>31</COLUMN>
      </SFA>
      <SFA>
        <FILEPATH>C:\Users\Jan\Desktop\EVERYTHING\FiveM Cheat\imgui\</FILEPATH>
        <FILENAME>imgui_demo.cpp</FILENAME>
        <LINE>3396</LINE>
        <COLUMN>31</COLUMN>
      </SFA>
      <SFA>
        <FILEPATH>C:\Users\Jan\Desktop\EVERYTHING\FiveM Cheat\imgui\</FILEPATH>
        <FILENAME>imgui_demo.cpp</FILENAME>
        <LINE>3398</LINE>
        <COLUMN>21</COLUMN>
      </SFA>
      <SFA>
        <FILEPATH>C:\Users\Jan\Desktop\EVERYTHING\FiveM Cheat\imgui\</FILEPATH>
        <FILENAME>imgui_demo.cpp</FILENAME>
        <LINE>3399</LINE>
        <COLUMN>25</COLUMN>
      </SFA>
      <SFA>
        <FILEPATH>C:\Users\Jan\Desktop\EVERYTHING\FiveM Cheat\imgui\</FILEPATH>
        <FILENAME>imgui_demo.cpp</FILENAME>
        <LINE>3400</LINE>
        <COLUMN>22</COLUMN>
      </SFA>
      <SFA>
        <FILEPATH>C:\Users\Jan\Desktop\EVERYTHING\FiveM Cheat\imgui\</FILEPATH>
        <FILENAME>imgui_demo.cpp</FILENAME>
        <LINE>3401</LINE>
        <COLUMN>32</COLUMN>
      </SFA>
      <SFA>
        <FILEPATH>C:\Users\Jan\Desktop\EVERYTHING\FiveM Cheat\imgui\</FILEPATH>
        <FILENAME>imgui_demo.cpp</FILENAME>
        <LINE>3402</LINE>
        <COLUMN>21</COLUMN>
      </SFA>
      <SFA>
        <FILEPATH>C:\Users\Jan\Desktop\EVERYTHING\FiveM Cheat\imgui\</FILEPATH>
        <FILENAME>imgui_demo.cpp</FILENAME>
        <LINE>3402</LINE>
        <COLUMN>30</COLUMN>
      </SFA>
      <SFA>
        <FILEPATH>C:\Users\Jan\Desktop\EVERYTHING\FiveM Cheat\imgui\</FILEPATH>
        <FILENAME>imgui_demo.cpp</FILENAME>
        <LINE>3404</LINE>
        <COLUMN>24</COLUMN>
      </SFA>
      <SFA>
        <FILEPATH>C:\Users\Jan\Desktop\EVERYTHING\FiveM Cheat\imgui\</FILEPATH>
        <FILENAME>imgui_demo.cpp</FILENAME>
        <LINE>3405</LINE>
        <COLUMN>29</COLUMN>
      </SFA>
      <SFA>
        <FILEPATH>C:\Users\Jan\Desktop\EVERYTHING\FiveM Cheat\imgui\</FILEPATH>
        <FILENAME>imgui_demo.cpp</FILENAME>
        <LINE>3406</LINE>
        <COLUMN>21</COLUMN>
        <KEYEVENT>
          <ID>1</ID>
          <KIND>declaration</KIND>
          <IMPORTANCE>Essential</IMPORTANCE>
          <MESSAGE>"font-&gt;ConfigData" kann NULL sein.</MESSAGE>
        </KEYEVENT>
      </SFA>
      <SFA>
        <FILEPATH>C:\Users\Jan\Desktop\EVERYTHING\FiveM Cheat\imgui\</FILEPATH>
        <FILENAME>imgui_demo.cpp</FILENAME>
        <LINE>3407</LINE>
        <COLUMN>31</COLUMN>
      </SFA>
      <SFA>
        <FILEPATH>C:\Users\Jan\Desktop\EVERYTHING\FiveM Cheat\imgui\</FILEPATH>
        <FILENAME>imgui_demo.cpp</FILENAME>
        <LINE>3407</LINE>
        <COLUMN>57</COLUMN>
        <KEYEVENT>
          <ID>2</ID>
          <KIND>branch</KIND>
          <IMPORTANCE>Full</IMPORTANCE>
          <MESSAGE>Diese Verzweigung überspringen (Annahme: "SmallButton("Set as default")" ist false)</MESSAGE>
        </KEYEVENT>
      </SFA>
      <SFA>
        <FILEPATH>C:\Users\Jan\Desktop\EVERYTHING\FiveM Cheat\imgui\</FILEPATH>
        <FILENAME>imgui_demo.cpp</FILENAME>
        <LINE>3408</LINE>
        <COLUMN>20</COLUMN>
        <KEYEVENT>
          <ID>3</ID>
          <KIND>branch</KIND>
          <IMPORTANCE>Full</IMPORTANCE>
          <MESSAGE>In diese Verzweigung eintreten (Annahme: "font_details_opened")</MESSAGE>
        </KEYEVENT>
      </SFA>
      <SFA>
        <FILEPATH>C:\Users\Jan\Desktop\EVERYTHING\FiveM Cheat\imgui\</FILEPATH>
        <FILENAME>imgui_demo.cpp</FILENAME>
        <LINE>3410</LINE>
        <COLUMN>35</COLUMN>
      </SFA>
      <SFA>
        <FILEPATH>C:\Users\Jan\Desktop\EVERYTHING\FiveM Cheat\imgui\</FILEPATH>
        <FILENAME>imgui_demo.cpp</FILENAME>
        <LINE>3411</LINE>
        <COLUMN>31</COLUMN>
      </SFA>
      <SFA>
        <FILEPATH>C:\Users\Jan\Desktop\EVERYTHING\FiveM Cheat\imgui\</FILEPATH>
        <FILENAME>imgui_demo.cpp</FILENAME>
        <LINE>3412</LINE>
        <COLUMN>34</COLUMN>
      </SFA>
      <SFA>
        <FILEPATH>C:\Users\Jan\Desktop\EVERYTHING\FiveM Cheat\imgui\</FILEPATH>
        <FILENAME>imgui_demo.cpp</FILENAME>
        <LINE>3413</LINE>
        <COLUMN>36</COLUMN>
      </SFA>
      <SFA>
        <FILEPATH>C:\Users\Jan\Desktop\EVERYTHING\FiveM Cheat\imgui\</FILEPATH>
        <FILENAME>imgui_demo.cpp</FILENAME>
        <LINE>3414</LINE>
        <COLUMN>35</COLUMN>
      </SFA>
      <SFA>
        <FILEPATH>C:\Users\Jan\Desktop\EVERYTHING\FiveM Cheat\imgui\</FILEPATH>
        <FILENAME>imgui_demo.cpp</FILENAME>
        <LINE>3414</LINE>
        <COLUMN>49</COLUMN>
      </SFA>
      <SFA>
        <FILEPATH>C:\Users\Jan\Desktop\EVERYTHING\FiveM Cheat\imgui\</FILEPATH>
        <FILENAME>imgui_demo.cpp</FILENAME>
        <LINE>3415</LINE>
        <COLUMN>37</COLUMN>
      </SFA>
      <SFA>
        <FILEPATH>C:\Users\Jan\Desktop\EVERYTHING\FiveM Cheat\imgui\</FILEPATH>
        <FILENAME>imgui_demo.cpp</FILENAME>
        <LINE>3416</LINE>
        <COLUMN>31</COLUMN>
      </SFA>
      <SFA>
        <FILEPATH>C:\Users\Jan\Desktop\EVERYTHING\FiveM Cheat\imgui\</FILEPATH>
        <FILENAME>imgui_demo.cpp</FILENAME>
        <LINE>3417</LINE>
        <COLUMN>31</COLUMN>
      </SFA>
      <SFA>
        <FILEPATH>C:\Users\Jan\Desktop\EVERYTHING\FiveM Cheat\imgui\</FILEPATH>
        <FILENAME>imgui_demo.cpp</FILENAME>
        <LINE>3418</LINE>
        <COLUMN>31</COLUMN>
      </SFA>
      <SFA>
        <FILEPATH>C:\Users\Jan\Desktop\EVERYTHING\FiveM Cheat\imgui\</FILEPATH>
        <FILENAME>imgui_demo.cpp</FILENAME>
        <LINE>3419</LINE>
        <COLUMN>32</COLUMN>
      </SFA>
      <SFA>
        <FILEPATH>C:\Users\Jan\Desktop\EVERYTHING\FiveM Cheat\imgui\</FILEPATH>
        <FILENAME>imgui_demo.cpp</FILENAME>
        <LINE>3420</LINE>
        <COLUMN>31</COLUMN>
      </SFA>
      <SFA>
        <FILEPATH>C:\Users\Jan\Desktop\EVERYTHING\FiveM Cheat\imgui\</FILEPATH>
        <FILENAME>imgui_demo.cpp</FILENAME>
        <LINE>3421</LINE>
        <COLUMN>29</COLUMN>
      </SFA>
      <SFA>
        <FILEPATH>C:\Users\Jan\Desktop\EVERYTHING\FiveM Cheat\imgui\</FILEPATH>
        <FILENAME>imgui_demo.cpp</FILENAME>
        <LINE>3421</LINE>
        <COLUMN>52</COLUMN>
        <KEYEVENT>
          <ID>4</ID>
          <KIND>branch</KIND>
          <IMPORTANCE>Full</IMPORTANCE>
          <MESSAGE>In diese Schleife eintreten (Annahme: "config_i&lt;font-&gt;ConfigDataCount")</MESSAGE>
        </KEYEVENT>
      </SFA>
      <SFA>
        <FILEPATH>C:\Users\Jan\Desktop\EVERYTHING\FiveM Cheat\imgui\</FILEPATH>
        <FILENAME>imgui_demo.cpp</FILENAME>
        <LINE>3422</LINE>
        <COLUMN>48</COLUMN>
        <KEYEVENT>
          <ID>5</ID>
          <KIND>usage</KIND>
          <IMPORTANCE>Essential</IMPORTANCE>
          <MESSAGE>"font-&gt;ConfigData" wird dereferenziert, kann jedoch weiterhin NULL sein.</MESSAGE>
        </KEYEVENT>
      </SFA>
    </PATH>
  </DEFECT>
</DEFECTS>