<?xml version="1.0" encoding="UTF-8"?>
<DEFECTS>
  <DEFECT>
    <SFA>
      <FILEPATH>C:\Users\Jan\Desktop\EVERYTHING\FiveM Cheat\kiero\</FILEPATH>
      <FILENAME>kiero.cpp</FILENAME>
      <LINE>340</LINE>
      <COLUMN>12</COLUMN>
    </SFA>
    <DEFECTCODE>6387</DEFECTCODE>
    <DESCRIPTION>"g_methodsTable" könnte "0" sein:  dies entspricht nicht der Spezifikation für Funktion "memcpy". </DESCRIPTION>
    <FUNCTION>kiero::init</FUNCTION>
    <DECORATED>?init@kiero@@YA?AW4Enum@Status@1@W42RenderType@1@@Z</DECORATED>
    <FUNCLINE>48</FUNCLINE>
    <PROBABILITY>1</PROBABILITY>
    <RANK>4</RANK>
    <CATEGORY>
      <RULECATEGORY>mspft</RULECATEGORY>
    </CATEGORY>
    <PATH>
      <SFA>
        <FILEPATH>C:\Users\Jan\Desktop\EVERYTHING\FiveM Cheat\kiero\</FILEPATH>
        <FILENAME>kiero.cpp</FILENAME>
        <LINE>50</LINE>
        <COLUMN>18</COLUMN>
      </SFA>
      <SFA>
        <FILEPATH>C:\Users\Jan\Desktop\EVERYTHING\FiveM Cheat\kiero\</FILEPATH>
        <FILENAME>kiero.cpp</FILENAME>
        <LINE>55</LINE>
        <COLUMN>17</COLUMN>
      </SFA>
      <SFA>
        <FILEPATH>C:\Users\Jan\Desktop\EVERYTHING\FiveM Cheat\kiero\</FILEPATH>
        <FILENAME>kiero.cpp</FILENAME>
        <LINE>57</LINE>
        <COLUMN>38</COLUMN>
      </SFA>
      <SFA>
        <FILEPATH>C:\Users\Jan\Desktop\EVERYTHING\FiveM Cheat\kiero\</FILEPATH>
        <FILENAME>kiero.cpp</FILENAME>
        <LINE>59</LINE>
        <COLUMN>14</COLUMN>
      </SFA>
      <SFA>
        <FILEPATH>C:\Users\Jan\Desktop\EVERYTHING\FiveM Cheat\kiero\</FILEPATH>
        <FILENAME>kiero.cpp</FILENAME>
        <LINE>60</LINE>
        <COLUMN>22</COLUMN>
      </SFA>
      <SFA>
        <FILEPATH>C:\Users\Jan\Desktop\EVERYTHING\FiveM Cheat\kiero\</FILEPATH>
        <FILENAME>kiero.cpp</FILENAME>
        <LINE>61</LINE>
        <COLUMN>21</COLUMN>
      </SFA>
      <SFA>
        <FILEPATH>C:\Users\Jan\Desktop\EVERYTHING\FiveM Cheat\kiero\</FILEPATH>
        <FILENAME>kiero.cpp</FILENAME>
        <LINE>62</LINE>
        <COLUMN>27</COLUMN>
      </SFA>
      <SFA>
        <FILEPATH>C:\Users\Jan\Desktop\EVERYTHING\FiveM Cheat\kiero\</FILEPATH>
        <FILENAME>kiero.cpp</FILENAME>
        <LINE>63</LINE>
        <COLUMN>26</COLUMN>
      </SFA>
      <SFA>
        <FILEPATH>C:\Users\Jan\Desktop\EVERYTHING\FiveM Cheat\kiero\</FILEPATH>
        <FILENAME>kiero.cpp</FILENAME>
        <LINE>64</LINE>
        <COLUMN>26</COLUMN>
      </SFA>
      <SFA>
        <FILEPATH>C:\Users\Jan\Desktop\EVERYTHING\FiveM Cheat\kiero\</FILEPATH>
        <FILENAME>kiero.cpp</FILENAME>
        <LINE>65</LINE>
        <COLUMN>25</COLUMN>
      </SFA>
      <SFA>
        <FILEPATH>C:\Users\Jan\Desktop\EVERYTHING\FiveM Cheat\kiero\</FILEPATH>
        <FILENAME>kiero.cpp</FILENAME>
        <LINE>66</LINE>
        <COLUMN>21</COLUMN>
      </SFA>
      <SFA>
        <FILEPATH>C:\Users\Jan\Desktop\EVERYTHING\FiveM Cheat\kiero\</FILEPATH>
        <FILENAME>kiero.cpp</FILENAME>
        <LINE>67</LINE>
        <COLUMN>23</COLUMN>
      </SFA>
      <SFA>
        <FILEPATH>C:\Users\Jan\Desktop\EVERYTHING\FiveM Cheat\kiero\</FILEPATH>
        <FILENAME>kiero.cpp</FILENAME>
        <LINE>68</LINE>
        <COLUMN>29</COLUMN>
      </SFA>
      <SFA>
        <FILEPATH>C:\Users\Jan\Desktop\EVERYTHING\FiveM Cheat\kiero\</FILEPATH>
        <FILENAME>kiero.cpp</FILENAME>
        <LINE>69</LINE>
        <COLUMN>28</COLUMN>
      </SFA>
      <SFA>
        <FILEPATH>C:\Users\Jan\Desktop\EVERYTHING\FiveM Cheat\kiero\</FILEPATH>
        <FILENAME>kiero.cpp</FILENAME>
        <LINE>70</LINE>
        <COLUMN>29</COLUMN>
      </SFA>
      <SFA>
        <FILEPATH>C:\Users\Jan\Desktop\EVERYTHING\FiveM Cheat\kiero\</FILEPATH>
        <FILENAME>kiero.cpp</FILENAME>
        <LINE>71</LINE>
        <COLUMN>23</COLUMN>
      </SFA>
      <SFA>
        <FILEPATH>C:\Users\Jan\Desktop\EVERYTHING\FiveM Cheat\kiero\</FILEPATH>
        <FILENAME>kiero.cpp</FILENAME>
        <LINE>73</LINE>
        <COLUMN>20</COLUMN>
      </SFA>
      <SFA>
        <FILEPATH>C:\Users\Jan\Desktop\EVERYTHING\FiveM Cheat\kiero\</FILEPATH>
        <FILENAME>kiero.cpp</FILENAME>
        <LINE>75</LINE>
        <COLUMN>8</COLUMN>
      </SFA>
      <SFA>
        <FILEPATH>C:\Users\Jan\Desktop\EVERYTHING\FiveM Cheat\kiero\</FILEPATH>
        <FILENAME>kiero.cpp</FILENAME>
        <LINE>77</LINE>
        <COLUMN>19</COLUMN>
      </SFA>
      <SFA>
        <FILEPATH>C:\Users\Jan\Desktop\EVERYTHING\FiveM Cheat\kiero\</FILEPATH>
        <FILENAME>kiero.cpp</FILENAME>
        <LINE>158</LINE>
        <COLUMN>24</COLUMN>
      </SFA>
      <SFA>
        <FILEPATH>C:\Users\Jan\Desktop\EVERYTHING\FiveM Cheat\kiero\</FILEPATH>
        <FILENAME>kiero.cpp</FILENAME>
        <LINE>268</LINE>
        <COLUMN>24</COLUMN>
      </SFA>
      <SFA>
        <FILEPATH>C:\Users\Jan\Desktop\EVERYTHING\FiveM Cheat\kiero\</FILEPATH>
        <FILENAME>kiero.cpp</FILENAME>
        <LINE>271</LINE>
        <COLUMN>12</COLUMN>
      </SFA>
      <SFA>
        <FILEPATH>C:\Users\Jan\Desktop\EVERYTHING\FiveM Cheat\kiero\</FILEPATH>
        <FILENAME>kiero.cpp</FILENAME>
        <LINE>272</LINE>
        <COLUMN>64</COLUMN>
      </SFA>
      <SFA>
        <FILEPATH>C:\Users\Jan\Desktop\EVERYTHING\FiveM Cheat\kiero\</FILEPATH>
        <FILENAME>kiero.cpp</FILENAME>
        <LINE>279</LINE>
        <COLUMN>10</COLUMN>
      </SFA>
      <SFA>
        <FILEPATH>C:\Users\Jan\Desktop\EVERYTHING\FiveM Cheat\kiero\</FILEPATH>
        <FILENAME>kiero.cpp</FILENAME>
        <LINE>280</LINE>
        <COLUMN>102</COLUMN>
      </SFA>
      <SFA>
        <FILEPATH>C:\Users\Jan\Desktop\EVERYTHING\FiveM Cheat\kiero\</FILEPATH>
        <FILENAME>kiero.cpp</FILENAME>
        <LINE>287</LINE>
        <COLUMN>22</COLUMN>
      </SFA>
      <SFA>
        <FILEPATH>C:\Users\Jan\Desktop\EVERYTHING\FiveM Cheat\kiero\</FILEPATH>
        <FILENAME>kiero.cpp</FILENAME>
        <LINE>288</LINE>
        <COLUMN>28</COLUMN>
      </SFA>
      <SFA>
        <FILEPATH>C:\Users\Jan\Desktop\EVERYTHING\FiveM Cheat\kiero\</FILEPATH>
        <FILENAME>kiero.cpp</FILENAME>
        <LINE>290</LINE>
        <COLUMN>18</COLUMN>
      </SFA>
      <SFA>
        <FILEPATH>C:\Users\Jan\Desktop\EVERYTHING\FiveM Cheat\kiero\</FILEPATH>
        <FILENAME>kiero.cpp</FILENAME>
        <LINE>291</LINE>
        <COLUMN>26</COLUMN>
      </SFA>
      <SFA>
        <FILEPATH>C:\Users\Jan\Desktop\EVERYTHING\FiveM Cheat\kiero\</FILEPATH>
        <FILENAME>kiero.cpp</FILENAME>
        <LINE>292</LINE>
        <COLUMN>28</COLUMN>
      </SFA>
      <SFA>
        <FILEPATH>C:\Users\Jan\Desktop\EVERYTHING\FiveM Cheat\kiero\</FILEPATH>
        <FILENAME>kiero.cpp</FILENAME>
        <LINE>294</LINE>
        <COLUMN>19</COLUMN>
      </SFA>
      <SFA>
        <FILEPATH>C:\Users\Jan\Desktop\EVERYTHING\FiveM Cheat\kiero\</FILEPATH>
        <FILENAME>kiero.cpp</FILENAME>
        <LINE>295</LINE>
        <COLUMN>21</COLUMN>
      </SFA>
      <SFA>
        <FILEPATH>C:\Users\Jan\Desktop\EVERYTHING\FiveM Cheat\kiero\</FILEPATH>
        <FILENAME>kiero.cpp</FILENAME>
        <LINE>296</LINE>
        <COLUMN>22</COLUMN>
      </SFA>
      <SFA>
        <FILEPATH>C:\Users\Jan\Desktop\EVERYTHING\FiveM Cheat\kiero\</FILEPATH>
        <FILENAME>kiero.cpp</FILENAME>
        <LINE>297</LINE>
        <COLUMN>27</COLUMN>
      </SFA>
      <SFA>
        <FILEPATH>C:\Users\Jan\Desktop\EVERYTHING\FiveM Cheat\kiero\</FILEPATH>
        <FILENAME>kiero.cpp</FILENAME>
        <LINE>298</LINE>
        <COLUMN>22</COLUMN>
      </SFA>
      <SFA>
        <FILEPATH>C:\Users\Jan\Desktop\EVERYTHING\FiveM Cheat\kiero\</FILEPATH>
        <FILENAME>kiero.cpp</FILENAME>
        <LINE>299</LINE>
        <COLUMN>32</COLUMN>
      </SFA>
      <SFA>
        <FILEPATH>C:\Users\Jan\Desktop\EVERYTHING\FiveM Cheat\kiero\</FILEPATH>
        <FILENAME>kiero.cpp</FILENAME>
        <LINE>300</LINE>
        <COLUMN>23</COLUMN>
      </SFA>
      <SFA>
        <FILEPATH>C:\Users\Jan\Desktop\EVERYTHING\FiveM Cheat\kiero\</FILEPATH>
        <FILENAME>kiero.cpp</FILENAME>
        <LINE>302</LINE>
        <COLUMN>21</COLUMN>
      </SFA>
      <SFA>
        <FILEPATH>C:\Users\Jan\Desktop\EVERYTHING\FiveM Cheat\kiero\</FILEPATH>
        <FILENAME>kiero.cpp</FILENAME>
        <LINE>303</LINE>
        <COLUMN>21</COLUMN>
      </SFA>
      <SFA>
        <FILEPATH>C:\Users\Jan\Desktop\EVERYTHING\FiveM Cheat\kiero\</FILEPATH>
        <FILENAME>kiero.cpp</FILENAME>
        <LINE>304</LINE>
        <COLUMN>23</COLUMN>
      </SFA>
      <SFA>
        <FILEPATH>C:\Users\Jan\Desktop\EVERYTHING\FiveM Cheat\kiero\</FILEPATH>
        <FILENAME>kiero.cpp</FILENAME>
        <LINE>306</LINE>
        <COLUMN>25</COLUMN>
      </SFA>
      <SFA>
        <FILEPATH>C:\Users\Jan\Desktop\EVERYTHING\FiveM Cheat\kiero\</FILEPATH>
        <FILENAME>kiero.cpp</FILENAME>
        <LINE>307</LINE>
        <COLUMN>29</COLUMN>
      </SFA>
      <SFA>
        <FILEPATH>C:\Users\Jan\Desktop\EVERYTHING\FiveM Cheat\kiero\</FILEPATH>
        <FILENAME>kiero.cpp</FILENAME>
        <LINE>308</LINE>
        <COLUMN>29</COLUMN>
      </SFA>
      <SFA>
        <FILEPATH>C:\Users\Jan\Desktop\EVERYTHING\FiveM Cheat\kiero\</FILEPATH>
        <FILENAME>kiero.cpp</FILENAME>
        <LINE>309</LINE>
        <COLUMN>30</COLUMN>
      </SFA>
      <SFA>
        <FILEPATH>C:\Users\Jan\Desktop\EVERYTHING\FiveM Cheat\kiero\</FILEPATH>
        <FILENAME>kiero.cpp</FILENAME>
        <LINE>310</LINE>
        <COLUMN>30</COLUMN>
      </SFA>
      <SFA>
        <FILEPATH>C:\Users\Jan\Desktop\EVERYTHING\FiveM Cheat\kiero\</FILEPATH>
        <FILENAME>kiero.cpp</FILENAME>
        <LINE>311</LINE>
        <COLUMN>31</COLUMN>
      </SFA>
      <SFA>
        <FILEPATH>C:\Users\Jan\Desktop\EVERYTHING\FiveM Cheat\kiero\</FILEPATH>
        <FILENAME>kiero.cpp</FILENAME>
        <LINE>312</LINE>
        <COLUMN>27</COLUMN>
      </SFA>
      <SFA>
        <FILEPATH>C:\Users\Jan\Desktop\EVERYTHING\FiveM Cheat\kiero\</FILEPATH>
        <FILENAME>kiero.cpp</FILENAME>
        <LINE>313</LINE>
        <COLUMN>29</COLUMN>
      </SFA>
      <SFA>
        <FILEPATH>C:\Users\Jan\Desktop\EVERYTHING\FiveM Cheat\kiero\</FILEPATH>
        <FILENAME>kiero.cpp</FILENAME>
        <LINE>314</LINE>
        <COLUMN>24</COLUMN>
      </SFA>
      <SFA>
        <FILEPATH>C:\Users\Jan\Desktop\EVERYTHING\FiveM Cheat\kiero\</FILEPATH>
        <FILENAME>kiero.cpp</FILENAME>
        <LINE>316</LINE>
        <COLUMN>20</COLUMN>
      </SFA>
      <SFA>
        <FILEPATH>C:\Users\Jan\Desktop\EVERYTHING\FiveM Cheat\kiero\</FILEPATH>
        <FILENAME>kiero.cpp</FILENAME>
        <LINE>317</LINE>
        <COLUMN>18</COLUMN>
      </SFA>
      <SFA>
        <FILEPATH>C:\Users\Jan\Desktop\EVERYTHING\FiveM Cheat\kiero\</FILEPATH>
        <FILENAME>kiero.cpp</FILENAME>
        <LINE>318</LINE>
        <COLUMN>25</COLUMN>
      </SFA>
      <SFA>
        <FILEPATH>C:\Users\Jan\Desktop\EVERYTHING\FiveM Cheat\kiero\</FILEPATH>
        <FILENAME>kiero.cpp</FILENAME>
        <LINE>332</LINE>
        <COLUMN>201</COLUMN>
      </SFA>
      <SFA>
        <FILEPATH>C:\Users\Jan\Desktop\EVERYTHING\FiveM Cheat\kiero\</FILEPATH>
        <FILENAME>kiero.cpp</FILENAME>
        <LINE>339</LINE>
        <COLUMN>19</COLUMN>
        <KEYEVENT>
          <ID>1</ID>
          <KIND>declaration</KIND>
          <IMPORTANCE>Essential</IMPORTANCE>
          <MESSAGE>"g_methodsTable" kann NULL sein.</MESSAGE>
        </KEYEVENT>
      </SFA>
      <SFA>
        <FILEPATH>C:\Users\Jan\Desktop\EVERYTHING\FiveM Cheat\kiero\</FILEPATH>
        <FILENAME>kiero.cpp</FILENAME>
        <LINE>340</LINE>
        <COLUMN>12</COLUMN>
        <KEYEVENT>
          <ID>2</ID>
          <KIND>declaration</KIND>
          <IMPORTANCE>Full</IMPORTANCE>
          <MESSAGE>"g_methodsTable" ist ein Eingabe-/Ausgabeargument für "memcpy" (in d:\vs\vc\tools\msvc\14.29.30133\include\vcruntime_string.h:43 deklariert)</MESSAGE>
        </KEYEVENT>
      </SFA>
      <SFA>
        <FILEPATH>C:\Users\Jan\Desktop\EVERYTHING\FiveM Cheat\kiero\</FILEPATH>
        <FILENAME>kiero.cpp</FILENAME>
        <LINE>340</LINE>
        <COLUMN>12</COLUMN>
        <KEYEVENT>
          <ID>3</ID>
          <KIND>usage</KIND>
          <IMPORTANCE>Essential</IMPORTANCE>
          <MESSAGE>"g_methodsTable" sollte nicht NULL sein, da dies nicht der SAL-Anmerkung zu "memcpy" entspricht.</MESSAGE>
        </KEYEVENT>
      </SFA>
    </PATH>
  </DEFECT>
</DEFECTS>